{
  "x_grad": 155.88505958397712,
  "y_grad": 90.41243244927709,
  "z_grad": 178.91345791579144,
  "x_a": 7.688595415812561,
  "y_a": 2.0912784762938164,
  "z_a": 0.22227253004724945
}