{
  "x_grad": 327.3829239806246,
  "y_grad": 292.4515088909853,
  "z_grad": 344.60819460855646,
  "x_a": 1.168478601446541,
  "y_a": 7.667073942296706,
  "z_a": 5.894565062730947
}