{
  "x_grad": 108.2525261175056,
  "y_grad": 20.78842250589245,
  "z_grad": 220.35319239724376,
  "x_a": 5.666513907301432,
  "y_a": 7.4450304660305635,
  "z_a": 3.793785973226033
}