{
  "x_grad": 19.37207223375463,
  "y_grad": 116.91733122954403,
  "z_grad": 179.86286391594288,
  "x_a": 4.040861949493115,
  "y_a": 8.788565525425769,
  "z_a": 2.0461686567368274
}