{
  "x_grad": 188.8901326886804,
  "y_grad": 241.5087857207734,
  "z_grad": 70.31603900236688,
  "x_a": 1.3354124184425287,
  "y_a": 3.761991015260385,
  "z_a": 4.435196366243773
}